COUNTY,DEM24,REP24,NLM24,LIB24,GRN24,UNAF24,OTH24,TOTAL24,pct_DEM24,pct_REP24,pct_UNAF24,DEM04,REP04,GRN04,CONST04,LIB04,POP04,UNAF04,OTH04,TOTAL04,pct_DEM04,pct_REP04,pct_UNAF04,DEM06,REP06,GRN06,CONST06,LIB06,POP06,UNAF06,OTH06,TOTAL06,DEM08,REP08,GRN08,CON08,IND08,LIB08,UNAF08,OTH08,TOTAL08,pct_DEM08,pct_REP08,pct_UNAF08,DEM10,REP10,GRN10,CON,LIB10,UNAF10,OTH10,TOTAL10,pct_DEM10,pct_REP10,pct_UNAF10,DEM12,REP12,AmE12,GRN12,LIB12,UNAF12,OTH12,TOTAL12,pct_DEM12,pct_REP12,pct_UNAF12,DEM14,REP14,GRN14,LIB14,UNAF14,OTH14,TOTAL14,pct_DEM14,pct_REP14,pct_UNAF14,DEM16,REP16,GRN16,LIB16,UNAF16,OTH16,TOTAL16,pct_DEM16,pct_REP16,pct_UNAF16,DEM18,REP18,GRN18,LIB18,UNAF18,OTH18,TOTAL18,pct_DEM18,pct_REP18,pct_UNAF18,DEM20,REP20,GRN20,LIB20,WCP20,BAR20,UNAF20,OTH20,TOTAL20,pct_DEM20,pct_REP20,pct_UNAF20,DEM22,REP22,GRN22,LIB22,WCP22,UNAF22,OTH22,TOTAL22,pct_DEM22,pct_REP22,pct_UNAF22,DEM0406_pct_change,REP0406_pct_change,UNAF0406_pct_change,DEM0608_pct_change,REP0608_pct_change,UNAF0608_pct_change,DEM0810_pct_change,REP0810_pct_change,UNAF0810_pct_change,DEM1012_pct_change,REP1012_pct_change,UNAF1012_pct_change,DEM1214_pct_change,REP1214_pct_change,UNAF1214_pct_change,DEM1416_pct_change,REP1416_pct_change,UNAF1416_pct_change,DEM1618_pct_change,REP1618_pct_change,UNAF1618_pct_change,DEM1820_pct_change,REP1820_pct_change,UNAF1820_pct_change,DEM2022_pct_change,REP2022_pct_change,UNAF2022_pct_change,DEM2224_pct_change,REP2224_pct_change,UNAF2224_pct_change,DEM0424_pct_change,REP0424_pct_change,UNAF0424_pct_change
ALLEGANY,10907,23301,67,278,56,8910,502,44021,24.776811067445085,52.93155539401649,20.240339837804683,16873,19260,67,3,21,0,3690,409,40323,41.844604816109914,47.76430325124619,9.151104828509784,16961,19715,107,7,48,1,4291,423,41553,16936,19642,132,2,26,85,4849,498,42170,40.16125207493479,46.57813611572208,11.498695755276263,16610,19828,129,12,119,5305,449,42452,39.12654291906153,46.706868934325826,12.49646659756902,15561,20010,1,121,142,5902,408,42145,36.92252936291375,47.47894174872464,14.00403369320204,15184,20323,118,210,6607,379,42821,35.459237290114665,47.46035823544523,15.429345414633008,14572,21267,119,250,6947,323,43478,33.51580109480657,48.91439348636092,15.978195869175217,13662,21797,139,290,7284,321,43493,31.411951348492863,50.11611063849355,16.747522589842042,12900,22750,75,201,19,20,7800,396,44161,29.211295034079843,51.516043567853984,17.66264350897851,11865,22959,77,229,74,8492,385,44081,26.916358521812118,52.08366416369865,19.26453574102221,0.5188373327044397,2.307887395384225,16.287262872628727,-0.1473969695183067,-0.3702764392594471,13.003961780470751,-1.9248937175247993,0.9469504123816311,9.404000824912353,-6.315472606863335,0.9178938874319145,11.253534401508011,-2.4227234753550544,1.5642178910544726,11.945103354794986,-4.030558482613277,4.644983516213157,5.146057212047828,-6.244853143014,2.4921239479005033,4.851014826543832,-5.5775142731664475,4.372161306601826,7.0840197693574956,-8.023255813953488,0.9186813186813186,8.871794871794872,-8.07416772018542,1.4896119168953352,4.922279792746114,-35.35826468322171,20.981308411214954,141.46341463414635
ANNE ARUNDEL,174740,130719,802,2539,470,106349,3759,419378,41.66646795969269,31.169732317861214,25.35874557082155,136033,119659,804,38,302,3,51283,104,308226,44.13417427472049,38.821838521085176,16.63811618747283,135121,119161,850,84,550,16,53690,71,309543,146761,121113,852,17,1098,893,58606,97,329437,44.54903365438612,36.76363007191056,17.78974432137252,145475,120848,842,76,1114,62244,138,330737,43.9850999434596,36.539002288827675,18.81978732346245,149430,125472,8,874,1397,71739,261,349181,42.79442466800886,35.93322660740419,20.544932284402645,147979,125022,833,1796,76252,332,352214,42.01394606687979,35.49603366135361,21.64933818644347,160300,137190,832,2427,80720,994,382463,41.91255101800697,35.87013645764427,21.10530953320975,164370,136355,846,2923,85006,1444,390944,42.04438487353688,34.87839690595072,21.743779160186623,176209,136772,567,1949,202,112,91775,2729,410315,42.94481069422273,33.333414571731474,22.36696196824391,175690,131021,656,2307,445,98842,3009,411970,42.64630919727165,31.80352938320751,23.992523727455882,-0.6749505998327425,-0.41792197111471036,4.693563169081372,8.614501076812635,1.638119854650431,9.156267461352208,-0.8762545907972827,-0.21880392691123168,6.207555540388356,2.7186801855989002,3.826294187739971,15.254482359745516,-0.9710232215753196,-0.358645753634277,6.290859922775617,8.326181417633585,9.732687047079713,5.859518438860619,2.5389893948845916,-0.6086449449668343,5.309712586719524,7.202652552168887,0.3058193685600088,7.9629673199538855,-0.2945366014221748,-4.204808001637763,7.700354126940888,-0.5407251408731288,-0.2304974011799635,7.594949515388196,28.454125101997306,9.242931998428869,107.37671353079968
BALTIMORE CITY,301169,29470,758,1278,739,64650,5076,403140,74.70580939623952,7.3101155925981045,16.0366125911594,247035,29375,1486,21,118,1,28310,640,306986,80.4710964017903,9.568840272846318,9.221918914869082,262485,31434,1573,54,327,25,33612,930,330440,293573,32585,1492,7,593,568,37921,1403,368142,79.74450076329242,8.851204154918483,10.300644859863857,289979,32042,1407,30,703,40269,1337,365767,79.27970538621581,8.760221671173179,11.00946777593386,309451,33043,22,1403,919,46734,1542,393114,78.71787827449543,8.405449818627675,11.888154581113875,293960,30218,1220,1106,46270,1372,374146,78.5682594495197,8.076526275838845,12.366830060992234,310586,32518,1226,1367,45780,1523,393000,79.02951653944021,8.274300254452926,11.648854961832061,307561,31013,1272,1493,48361,1786,391486,78.56245178627077,7.921866937770444,12.353187598023938,313398,30342,805,963,295,130,52936,3303,402172,77.926359865928,7.544533184806501,13.162527475806371,305086,28327,916,1086,674,57220,4010,397319,76.78615923225418,7.129535713117168,14.401526229553582,5.886050631464655,6.550232232614367,18.72836453549982,11.843724403299236,3.6616402621365403,12.819826252528859,-1.2242270236023067,-1.6664109252723647,6.19181983597479,6.714969014997638,3.1240247175582048,16.054533263800938,-5.005962171717009,-8.549465847532003,-0.9928531689990158,5.655871547149272,7.611357469058177,-1.059001512859304,-0.9739653429323922,-4.628205916723046,5.637833114897335,1.8978349010440205,-2.163608809209041,9.460102148425383,-2.6522185846750777,-6.640959725792631,8.092791295148858,-1.2839002772988601,4.03501959261482,12.984970290108352,21.913494039306173,0.32340425531914896,128.36453549982338
BALTIMORE COUNTY,309642,140636,979,2737,713,120788,6986,582481,53.1591588395158,24.144306852927393,20.73681373298013,260610,121391,1145,36,418,0,49405,5770,438775,59.39490627314683,27.665887983590682,11.259757278787534,271469,126367,1273,70,741,7,53346,5803,459076,298781,131875,1358,15,1133,1187,61745,6233,502327,59.479382951742586,26.252819378611942,12.29179399076697,291137,128704,1326,80,1502,64780,5623,493152,59.03595645967167,26.098241515800403,13.13590941535267,298181,132760,10,1340,1811,75636,6047,515785,57.81110346365249,25.7394069234274,14.664249638899928,298925,132176,1312,2364,84821,4875,524473,56.995307670747586,25.201678637413178,16.172615177521056,310021,144557,1422,2959,89184,4513,552656,56.096559161576096,26.15677745288208,16.137344025940187,312943,144100,1421,3255,93738,4671,560128,55.869908306672755,25.726262568555757,16.735103404936012,316459,143757,909,2259,310,141,102180,5884,571899,55.33477065006234,25.136781144922445,17.866791164174092,311876,138402,908,2535,703,109064,5979,569467,54.766299012936656,24.30377879666425,19.15194383520028,4.00008840788451,3.9377369091614107,7.976925412407651,10.060817257219057,4.358732897037992,15.744385708394256,-2.5583956141789472,-2.4045497630331756,4.91537776338165,2.4194794890378066,3.1514172053704623,16.758258721827723,0.24951287976095055,-0.4398915335944562,12.14368819080861,3.711967884920967,9.367056046483476,5.143773358012757,0.9425167972492186,-0.3161382707167415,5.106297093649085,1.1235272877169324,-0.23802914642609296,9.00595276195353,-1.448212880657526,-3.725035998247042,6.737130553924447,-0.7163103284638767,1.6141385240097685,10.749651580723246,18.814320248647405,15.853728859635394,144.4853759740917
CALVERT,23698,28750,112,457,64,16674,642,70397,33.663366336633665,40.83980851456738,23.685668423370316,20482,20729,87,2,42,0,7547,504,49393,41.46741441094892,41.967485271192274,15.27949304557326,20632,21113,100,8,70,0,7927,473,50323,23263,22220,118,2,105,120,9157,568,55553,41.87532626500819,39.99783990063543,16.483358234478786,23168,22462,119,11,149,9861,526,56296,41.15390081000426,39.89981526218559,17.516342191274692,23377,23459,1,139,193,11214,538,58921,39.67515826275861,39.81432765906892,19.032263539315355,23339,24106,130,275,12113,468,60431,38.62090648839172,39.89012261918552,20.04434809948536,23749,26259,146,409,12752,398,63713,37.27496743207823,41.21450881295811,20.014753660948315,23964,27819,135,493,13598,386,66395,36.09307929813992,41.89923940055727,20.480457865803146,24765,28425,90,335,30,21,14447,574,68687,36.05485754218411,41.38337676707383,21.033092142617964,24044,28148,99,425,71,15555,559,68901,34.89644562488208,40.852817811062245,22.575869726128794,0.7270259790616518,1.8187846350589683,5.035113290049026,12.752035672741371,5.243215080755932,15.516588873470418,-0.40837381249194005,1.089108910891089,7.6881074587747085,0.9021063535911602,4.438607425874811,13.720717979920902,-0.1625529366471318,2.7580033249499127,8.016764758337793,1.7567162260593856,8.931386376835643,5.275324032031701,0.9053012758431934,5.940820290186222,6.634253450439147,3.3425137706559838,2.178367302922463,6.243565230180909,-2.9113668483747226,-0.9744942832014072,7.669412334740777,-1.4390284478456163,2.1386954668182465,7.193828351012536,15.701591641441265,38.69458246900477,120.93547104809859
CAROLINE,5998,10981,44,128,26,4916,227,22320,26.87275985663082,49.198028673835125,22.025089605734767,6838,6385,19,8,52,1,2121,126,15550,43.97427652733119,41.061093247588424,13.639871382636656,6904,6650,26,8,55,1,2426,141,16211,7493,7093,29,3,87,51,2747,94,17597,42.58112178212195,40.30800704665568,15.610615445814627,7409,7460,36,5,59,2950,120,18039,41.07212151449637,41.35484228615777,16.353456400022175,7190,7646,0,36,59,3106,145,18182,39.54460455395446,42.05257947420526,17.082829171708283,6974,7814,31,91,3444,149,18503,37.69118521320867,42.23098956925904,18.61319785980652,6897,8901,26,116,3641,132,19713,34.9870643737635,45.15294475726678,18.470045147871964,6846,9496,26,124,3903,111,20506,33.38535062908417,46.308397542182774,19.03345362332976,6685,10154,33,86,17,2,4303,167,21447,31.169860586562226,47.34461696274537,20.063412132232948,6300,10628,34,111,40,4559,164,21836,28.851437992306284,48.67191793368749,20.878366001099103,0.9559675550405562,3.984962406015038,14.380009429514379,8.531286210892237,6.661654135338346,13.231657048639736,-1.1210463098892298,5.1741153249682785,7.3898798689479435,-2.9558644891348362,2.493297587131367,5.288135593220339,-3.004172461752434,2.1972273083965472,10.882163554410818,-1.1041009463722398,13.91092910161249,5.720092915214867,-0.7394519356241844,6.6846421750365135,7.1958253227135405,-2.3517382413087935,6.929233361415332,10.248526774276199,-5.7591623036649215,4.6681110892259206,5.949337671392052,-4.7936507936507935,3.321415129845691,7.830664619434087,-12.284293653114945,71.98120595144871,131.77746346063176
CARROLL,33450,64648,145,863,139,30672,1197,131114,25.51214973229403,49.30671019113138,23.39338285766585,32380,50410,196,10,73,0,12894,16,95979,33.73654653622147,52.521905833567764,13.434188728784422,32775,52221,230,25,140,1,13894,14,99300,34598,54138,245,4,402,220,15815,28,105450,32.80986249407302,51.339971550497864,14.997629208155525,33152,54316,255,51,304,16304,799,105181,31.519000579952657,51.640505414476,15.500898451241193,32801,56890,6,271,399,19111,987,110465,29.693568098492733,51.500475263658174,17.300502421581495,31372,59696,269,607,21626,884,114454,27.410138570954267,52.15719852517169,18.894927219669036,32679,63556,255,788,23097,841,121216,26.95931230200634,52.43202217529039,19.05441525871172,32661,63926,255,949,24511,840,123142,26.52303844342304,51.91242630459145,19.90466290948661,33972,64711,155,672,39,30,26407,1075,127061,26.736764231353444,50.929081307403536,20.78293103312582,33944,64455,195,805,103,28925,1043,129470,26.21765659998455,49.7837336834788,22.34108287634201,1.2051868802440886,3.4679535052948047,7.755545214828602,5.562166285278414,3.6709369793761133,13.82611199078739,-4.179432337129314,0.3287893900772101,3.092001264622194,-1.0587596525096525,4.73893512040651,17.216633954857706,-4.35657449468004,4.9323255405167865,13.159960232326931,4.166135407369629,6.4660948807290275,6.801997595486914,-0.0550812448361333,0.5821637610925798,6.122007187080573,4.013961605584642,1.2279823545975033,7.73530251723716,-0.08242081714352996,-0.39560507487135105,9.535350475252773,-1.455338204100872,0.2994337134434877,6.039757994814175,3.3045089561457694,28.244395953183894,137.8780828292229
CECIL,19225,35526,145,486,72,17410,821,73685,26.090791884372667,48.21334057135102,23.62760398995725,21502,19222,90,21,63,0,8154,657,49709,43.255748456014004,38.66905389366111,16.40346818483574,22116,20514,115,28,92,1,8933,692,52491,26190,23878,140,3,116,186,11306,824,62643,41.808342512331784,38.117586961033155,18.048305477068467,24525,22852,143,25,208,11222,860,59835,40.98771621960391,38.19169382468455,18.754909334001837,24211,24368,3,140,244,12832,744,62542,38.711585814332764,38.96261712129449,20.517412298935113,22967,24813,129,301,13409,664,62283,36.87523080134226,39.83912142960359,21.529149206043382,22638,27873,149,414,13956,578,65608,34.50493842214364,42.484148274600656,21.271796122424096,21628,28622,149,444,14455,570,65868,32.83536770510718,43.45357381429526,21.945405963442035,21781,31208,104,347,50,9,15384,728,69611,31.289595035267414,44.83199494332793,22.099955466808407,20856,32323,116,457,105,16742,686,71285,29.257206986041943,45.34334011362839,23.486006873816372,2.7762705733405677,6.298137857073219,9.553593328427766,18.421052631578945,16.39855708296773,26.564424045673345,-6.357388316151202,-4.296842281598124,-0.7429683353971342,-1.2803261977573903,6.633992648345878,14.346818748886117,-5.138160340341167,1.8261654629021666,4.496571072319202,-1.4324900944833892,12.332245194051506,4.079349690506376,-4.461524869688135,2.6871883184443726,3.5755230725136142,0.7074163121879046,9.035008035776675,6.426841923209962,-4.246820623479179,3.5728018456805946,8.827353094123765,-7.820291522823168,9.909352473470904,3.989965356588221,-10.589712584875825,84.8194776818229,113.51483934265391
CHARLES,76235,23640,185,456,112,25214,1101,126943,60.05451265528623,18.62253137234822,19.862457953569713,36161,25884,84,12,39,0,10665,984,73829,48.97939833940592,35.059394005065755,14.44554307927779,38634,25879,102,18,84,3,11736,887,77343,48257,25626,127,7,394,151,12546,627,87735,55.00313443893543,29.20841169430672,14.299880321422464,50784,24687,131,19,198,13616,577,90012,56.41914411411811,27.4263431542461,15.126871972625871,55746,25355,1,141,234,15725,575,97777,57.01340806120049,25.931456272947628,16.08251429272733,59369,24538,124,333,16576,540,101480,58.50315333070556,24.180134016554984,16.334253054789123,65003,26453,143,438,17477,497,110011,59.08772759087728,24.04577724045777,15.88659315886593,68932,25149,168,517,18536,515,113817,60.563887644200776,22.095996204433433,16.285792104870097,73290,24915,113,349,84,20,20238,761,119770,61.19228521332553,20.802371211488687,16.89738665776071,74993,23478,131,431,144,22288,869,122334,61.30184576650809,19.191721026043453,18.21897428351889,6.4010974789045925,-0.019320684725066657,10.042194092827005,24.908112025676864,-0.9776266470883729,6.901840490797547,5.236545993327392,-3.664247248887848,8.528614697911685,9.770793950850662,2.7058775873941747,15.489130434782608,6.499121013166864,-3.2222441333070404,5.411764705882352,9.48980107463491,7.804222022984758,5.435569498069498,6.044336415242373,-4.9294975995161225,6.059392344223837,6.322172575871873,-0.9304544912322558,9.182132067328443,2.3236457906945014,-5.767609873570138,10.129459432750272,1.6561545744269466,0.6900076667518528,13.128140703517587,110.82105030281242,-8.669448307834957,136.418190342241
DORCHESTER,9627,9564,34,116,16,4354,255,23966,40.169406659434195,39.90653425686389,18.167403822081283,9527,6359,19,2,8,3,1682,187,17787,53.56158992522629,35.75082925732276,9.456344521279586,9604,6618,20,5,20,1,1843,183,18294,10250,6770,24,1,40,35,2060,172,19352,52.96610169491526,34.98346424142208,10.644894584539067,10395,6982,26,2,41,2187,150,19783,52.545114492240806,35.29292827174847,11.054946165900015,10422,7132,1,25,47,2433,127,20187,51.62728488631297,35.32966760786645,12.052310893149057,10365,7299,30,70,2734,117,20615,50.27892311423721,35.406257579432456,13.262187727382974,10286,7943,27,108,2939,112,21415,48.03175344384777,37.09082418865282,13.724025215970116,9959,8288,25,106,3086,105,21569,46.17274792526311,38.425518104687285,14.307571051045482,9922,8814,19,78,12,4,3403,151,22403,44.288711333303574,39.34294514127572,15.189929920099987,9654,9031,22,111,34,3821,191,22864,42.223582925122464,39.49877536738978,16.711861441567528,0.8017492711370262,3.9135690540948924,9.57193816884661,6.726364014993752,2.2967663946811725,11.774281063483452,1.4146341463414636,3.131462333825702,6.165048543689321,0.2597402597402597,2.1483815525637353,11.248285322359397,-0.5469199769717904,2.3415591699383063,12.371557747636661,-0.7621804148576942,8.82312645567886,7.498171177761521,-3.179078358934474,4.343447060304671,5.001701258931609,-0.3715232453057536,6.346525096525096,10.272197018794555,-2.7010683329973797,2.4619922850011347,12.283279459300617,-0.27967681789931637,5.901893478020153,13.949227950798221,1.049648367796788,50.40100644755464,158.85850178359095
FREDERICK,79406,69543,312,1276,232,54623,1490,206882,38.382266219390765,33.614814241935015,26.4029736758152,44380,55372,300,1,104,0,21107,158,121422,36.55021330566125,45.60293851196653,17.38317603070284,46143,57293,334,7,200,3,22541,49,126570,51643,56885,349,3,464,328,24543,48,134263,38.464059346208565,42.36833677185822,18.279794135390986,52206,57976,359,32,453,26648,77,137751,37.8988174314524,42.08753475473862,19.345050126677847,54642,61114,4,401,578,31482,95,148316,36.84160845761752,41.205264435394696,21.226300601418593,54891,61755,410,792,34456,199,152503,35.99339029396143,40.494285358320816,22.593653895333208,61523,66857,424,1123,37037,285,167249,36.785272258728,39.97452899568906,22.144825978032753,65666,67977,449,1374,40133,361,175960,37.318708797453965,38.632075471698116,22.808024551034325,73384,69574,280,954,81,56,43835,812,188976,38.83244433155533,36.816315299297266,23.196067225467782,77638,68972,333,1173,182,49321,1094,198713,39.07041814073563,34.709354697478275,24.820218103495996,3.8207312051665476,3.352940149756515,6.793954612213958,11.919467741585938,-0.7121288813642155,8.881593540659242,1.090176790658947,1.917904544255955,8.576783604286355,4.666130329847144,5.412584517731475,18.140198138697087,0.4556934226419238,1.0488595084596,9.446667937233975,12.082126395948334,8.261679216257793,7.490712793127467,6.734066934317247,1.6752172547377238,8.35920835920836,11.753418816434683,2.349324036071024,9.22432910572347,5.796903957265889,-0.865265760197775,12.515113493783506,2.277235374430047,0.8278721800150786,10.749984793495672,78.9229382604777,25.592357148017047,158.7909224427915
GARRETT,3478,13993,25,107,18,3098,182,20901,16.64035213626142,66.94894981101382,14.822257308262762,4934,10489,12,2,11,0,1120,201,16769,29.42334068817461,62.54994334784424,6.678990995288927,5102,11088,26,3,23,1,1346,200,17789,5132,11115,30,3,21,34,1562,207,18104,28.347326557666815,61.39527176314626,8.627927529827662,4994,11380,39,3,45,1789,186,18436,27.088305489260144,61.72705576046865,9.703840312432197,4725,11628,0,38,52,2086,206,18735,25.22017614091273,62.065652522017615,11.134240725914065,4640,12109,36,74,2385,188,19432,23.878139151914368,62.31473857554549,12.273569370111156,4444,12643,41,93,2402,153,19776,22.47168284789644,63.93102750809061,12.1460355987055,4203,12927,36,112,2520,142,19940,21.078234704112337,64.8294884653962,12.637913741223672,4013,13537,21,87,10,5,2644,154,20471,19.603341312100046,66.12769283376484,12.915832152801524,3737,13744,25,106,20,2851,159,20642,18.10386590446662,66.58269547524465,13.811646158317991,3.2928263426107405,5.402236652236652,20.17857142857143,0.5880047040376323,0.2435064935064935,16.047548291233284,-2.6890101325019486,2.3841655420602788,14.532650448143405,-5.386463756507809,2.179261862917399,16.60145332588038,-1.7989417989417988,4.13656690746474,14.33365292425695,-4.224137931034483,4.409943017590222,0.7127882599580713,-5.423042304230423,2.2463023016689077,4.912572855953372,-4.520580537711159,4.718805600680746,4.920634920634921,-6.877647645153252,1.5291423505946664,7.829046898638427,-6.9306930693069315,1.811699650756694,8.663626797614873,-29.509525739764896,33.40642577938793,176.60714285714286
HARFORD,64869,82006,326,1295,162,45434,2030,196122,33.07584054823018,41.81376898053252,23.166192472032716,61347,58995,261,6,102,1,17431,71,138214,44.38551810959816,42.68380916549698,12.611602297885888,59600,58754,247,20,192,3,17682,237,136735,64714,62374,269,9,353,394,20833,707,149653,43.242701449352836,41.67908428163819,13.920870279914203,62112,63112,274,38,512,22314,735,149097,41.658785891064205,42.32949019765656,14.966095897301756,63538,67497,3,313,650,26756,1242,159999,39.71149819686373,42.185888661804135,16.722604516278228,63258,69737,326,929,31173,1242,166665,37.95517955179552,41.842618426184266,18.7039870398704,64558,76580,349,1198,33133,1148,176966,36.48045387249528,43.27384921397331,18.722805510663065,65275,78832,403,1408,35888,1122,182928,35.6834382926616,43.09455086154115,19.61864777398758,66922,80883,234,972,71,50,38751,1544,189427,35.328649031025144,42.698770502621066,20.456957033580217,65767,80824,246,1206,209,41852,1657,191761,34.296337628610615,42.1482991849229,21.82508434978958,-2.9312080536912752,-0.41018483847908227,1.4399632838047156,8.580536912751677,6.161282636075842,17.820382309693475,-4.020768303612819,1.183185301567961,7.108913742619882,2.2958526532715093,6.947965521612372,19.906784978040694,-0.44068116717554845,3.3186660147858427,16.508446703543132,2.055076037813399,9.812581556419117,6.287492381227344,1.1106292016481305,2.9407155915382606,8.31497298765581,2.5231711987744156,2.6017353359042015,7.977596968345965,-1.7258898419055018,-0.07294487098648665,8.002374132280456,-1.3654264296683747,1.4624368999307136,8.558730765554811,5.741112034818328,39.00500042376473,160.65056508519305
HOWARD,124288,48942,397,975,264,63650,2184,240700,51.63606148732862,20.333194848358954,26.443705857914416,76350,57005,423,9,148,0,28797,1476,164208,46.495907629348146,34.71511741206275,17.53690441391406,77113,55890,436,17,261,7,29691,1711,165126,84788,55268,455,5,747,413,31481,1955,175112,48.419297363972774,31.561514916167937,17.97763716935447,86096,55029,440,41,571,34177,1810,178164,48.3240160750769,30.886711120091604,19.182887676522753,90233,56356,7,471,705,38624,2631,189027,47.73550868394462,29.813730313658894,20.43305982743206,94195,56010,487,941,43713,2219,197565,47.67797939918508,28.350163237415533,22.12588262090957,104197,57715,488,1167,45206,1895,210668,49.460288226023884,27.396187365902748,21.4584084910855,109943,55966,510,1297,49254,1835,218805,50.24702360549348,25.578026096295787,22.51045451429355,120474,53285,318,818,60,52,53158,2038,230203,52.333809724460586,23.146961594766356,23.091792895835415,122461,49378,357,914,138,57650,2003,232901,52.58071025886536,21.201282948548954,24.753006642307245,0.9894570305914696,-1.994990159241367,3.104490051046984,9.9529262251501045,-1.11290033995348,6.028762924792024,1.5426711327074585,-0.4324383006441341,8.563895683110449,4.805101282289537,2.4114557778625816,13.01167451795067,4.390854787051301,-0.6139541486265881,13.175745650372825,10.618398004140348,3.0440992679878596,3.4154599318280603,5.514554161828076,-3.0304080395044615,8.954563553510596,9.578599819906678,-4.79040846228067,7.926259796158687,1.6493185251589555,-7.332269869569297,8.450280296474661,1.4919035448020186,-0.8829843250030379,10.407632263660018,62.787164374590695,-14.144373300587668,121.02996839948605
KENT,5756,5459,23,72,14,2819,127,14270,40.33637000700771,38.25508058864751,19.75473020322355,5938,4128,38,0,6,0,1316,128,11554,51.393456811493856,35.727886446252384,11.389994806993249,6047,4302,39,0,14,1,1425,125,11953,6422,4476,48,8,27,22,1635,129,12767,50.301558706039,35.0591368371583,12.806454139578602,6171,4477,42,3,35,1621,135,12484,49.43127202819609,35.86190323614226,12.984620314001921,6098,4572,0,35,44,1714,140,12603,48.38530508609061,36.2770768864556,13.599936523050069,6035,4575,28,55,1958,130,12781,47.21852750176043,35.795321179876375,15.319615053595182,6111,4739,22,58,1994,116,13040,46.86349693251534,36.3420245398773,15.291411042944786,6076,4832,30,82,2129,101,13250,45.8566037735849,36.467924528301886,16.067924528301887,6025,5036,19,50,11,2,2330,115,13588,44.340594642331475,37.06211362967324,17.14748307329997,5897,5266,20,68,22,2605,111,13989,42.154550003574236,37.64386303524198,18.62177425119737,1.8025467173805192,4.044630404463041,8.282674772036474,6.201422192822887,4.044630404463041,14.736842105263156,-3.9084397383992524,0.022341376228775692,-0.8562691131498471,-1.1829525198509157,2.121956667411213,5.737199259716225,-1.033125614955723,0.06561679790026247,14.23570595099183,1.2593206296603148,3.584699453551913,1.8386108273748722,-0.572737686139748,1.9624393331926566,6.770310932798395,-0.8393680052666228,4.2218543046357615,9.441052137153594,-2.12448132780083,4.567116759332804,11.802575107296137,-2.3910462947261317,3.6650208887200915,8.214971209213052,-3.06500505220613,32.24321705426357,114.20972644376899
MONTGOMERY,410090,100358,1251,2535,877,175918,6134,697163,58.82268565600871,14.395198827246999,25.233410264170647,277787,132612,1355,29,423,0,104792,173,517171,53.71279518766519,25.641808995477316,20.2625437234493,275143,125291,1369,53,653,16,104578,991,508094,315089,124543,1384,9,3189,1059,109726,2671,557670,56.50097728047053,22.33274158552549,19.675793928308856,324401,123314,1434,59,1368,122642,540,573758,56.53969094984297,21.492336490297305,21.375213940372074,346348,125347,17,1514,1753,139232,3309,617520,56.08692835859568,20.298451872004144,22.54696204171525,359051,122183,1620,2239,149650,3818,638561,56.228144218015196,19.13411561307377,23.435505770004745,388979,122923,1641,2842,144634,4771,665790,58.423677135433095,18.46272848796167,21.723666621607414,396374,114405,1602,3157,145513,5268,666319,59.48712253440169,17.169704000636333,21.838338693628728,417025,106791,1049,2065,231,180,151009,5856,684206,60.950210901395195,15.608018637661758,22.07069215996352,415004,98374,1142,2288,453,161477,5564,684302,60.646322822379595,14.375816525452212,23.597329833903743,-0.9609548489331001,-5.843197037297172,-0.20421406214214824,14.51826868210349,-0.5970101603467128,4.922641473350035,2.9553554709939096,-0.9868077692042105,11.771139019010992,6.7653922151904595,1.648636813338307,13.527176660524127,3.667698384284015,-2.524192840674288,7.482475293036083,8.33530612642772,0.6056489036936399,-3.3518209154694287,1.9011309093807123,-6.929541257535204,0.6077409184562412,5.209978454691782,-6.655303526943753,3.7769821253083915,-0.48462322402733654,-7.881750334766038,6.93203716334788,-1.184084972674962,2.0167930550755284,8.9430692916019,47.62749876704093,-24.32208246614183,67.87350179403008
PR. GEORGE'S,459608,40765,1178,1668,645,102001,11621,617486,74.4321328742676,6.601769108935264,16.51875508108686,323367,49934,566,60,373,0,41548,21745,437593,73.8967488053968,11.411060048949595,9.494667419268591,327740,48846,619,73,432,23,27459,35013,440205,385852,46923,664,7,909,588,35477,27000,497420,77.57066462948816,9.433275702625547,7.1322021631619155,403842,46677,715,55,733,43175,22703,517900,77.97682950376522,9.012743772929136,8.336551457810389,444214,47534,26,768,939,56315,19679,569475,78.00412660784055,8.346986259273892,9.8889327889723,430508,41904,754,1077,58999,14744,547986,78.56186106944338,7.646910687499315,10.766515932888797,457902,43319,958,1465,64409,12324,580377,78.89733742033197,7.463941541446335,11.09778643881477,460724,40713,1060,1709,69474,11354,585034,78.75166229655028,6.959082719978668,11.875207252911798,478239,40310,713,1186,290,138,79025,11191,611092,78.25973830454335,6.596388105228018,12.931768048018958,465553,37938,799,1342,606,86827,10819,603884,77.09311722118818,6.282332368468116,14.378092481337475,1.3342893757246599,-2.227408590263276,-33.910176181765664,17.731128333435038,-3.93686279326864,29.199898029789868,4.662409421228865,-0.5242631545297616,21.698565267638187,9.996979016546074,1.8360220236947535,30.43427909669948,-3.085449805724268,-11.844153658433964,4.766048122169937,6.363180242875859,3.376765941198931,9.169646943168528,0.616289074954903,-6.015836007294721,7.863807852939806,3.8016252680563634,-0.9898558200083513,13.747589026110488,-2.6526485711119334,-5.884395931530637,9.872825055362227,-1.2769759834003862,7.451631609468079,17.476130696672694,42.132004811870104,-18.362238154363762,145.50158852411667
QUEEN ANNE'S,11265,20593,58,239,45,9015,335,41550,27.111913357400724,49.561973525872446,21.696750902527075,10577,12447,51,3,63,0,3281,256,26678,39.64690006747132,46.656421021066045,12.29852312767074,10848,13223,50,5,72,1,3736,230,28165,11316,13685,61,1,70,85,3885,231,29334,38.576395991000204,46.65234881025431,13.244017181427695,11063,13989,64,8,95,4292,207,29718,37.22659667541557,47.072481324449825,14.442425466047512,11369,15294,3,64,111,5297,209,32347,35.14699972176709,47.281046155748605,16.375552601477725,11031,16029,56,158,6030,201,33505,32.92344426205044,47.84062080286524,17.997313833756156,10882,17519,81,220,6375,180,35257,30.864792807102138,49.68942337691806,18.081515727373286,10845,18153,70,260,6705,181,36214,29.9469818302314,50.127022698403934,18.514938973877506,11195,19232,42,190,11,4,7306,283,38263,29.258029950605025,50.26265582939132,19.094164074954918,11205,19786,47,225,35,8113,302,39713,28.21494221035933,49.82247626721728,20.429078639236522,2.4981563421828907,5.8685623534750055,13.867723255105153,4.314159292035398,3.4939121228163046,3.9882226980728053,-2.2357723577235773,2.2214103032517354,10.476190476190476,2.765976679020157,9.328758310100794,23.41565703634669,-2.9729967455361073,4.805806198509219,13.838021521616009,-1.3507388269422538,9.295651631418055,5.721393034825871,-0.3400110273846719,3.618928021005765,5.176470588235294,3.2272936837252195,5.943921114967223,8.963460104399703,0.08932559178204555,2.8806156405990015,11.045715849986312,0.535475234270415,4.0786414636611745,11.117958831504993,6.504679965963884,65.44548887282076,174.76379152697348
ST. MARY'S,25107,33146,116,528,66,18294,735,77992,32.19176325777003,42.49923069032721,23.45625192327418,21621,19721,100,13,48,1,7261,563,49328,43.831089847551084,39.979322088874476,14.719834576710996,22462,20954,130,17,81,0,8228,574,52446,24898,22455,144,0,97,138,9416,595,57743,43.11864641601579,38.88783055954834,16.306738479123013,24638,23462,150,14,192,10247,526,59229,41.59786591028043,39.61235205726925,17.300646642691923,25334,25748,5,144,249,12069,469,64018,39.573245024836766,40.219938142397446,18.85251023149739,25146,25964,128,327,12916,449,64930,38.72786077314031,39.98767903896504,19.892191590944094,25937,29508,127,497,13908,421,70398,36.843376232279326,41.915963521690955,19.756243075087358,26011,29904,139,573,14767,413,71807,36.22348796078377,41.64496497555948,20.564847438272036,26648,31006,102,382,38,21,15882,609,74688,35.679091688089116,41.514031705227076,21.264460154241647,25689,32081,111,485,90,17096,659,76211,33.70773247956332,42.094973166603246,22.432457256826442,3.7441011486065356,5.884318029970411,13.317724831290455,10.844982637343069,7.163310107855302,14.43850267379679,-1.0442605831793719,4.4845246047650855,8.825403568394224,2.8249046188814027,9.743414883641634,17.78081389675027,-0.742085734585932,0.8389001087463105,7.017979948628718,3.1456295235822793,13.649668772146049,7.680396407556519,0.28530670470756064,1.3420089467263114,6.176301409260857,2.4489638998885086,3.6851257356875333,7.550619624839168,-3.5987691383968774,3.4670708895052567,7.64387356756076,-2.2655611351161977,3.3197219538044322,7.007487131492747,16.123213542389344,68.07464124537296,151.9487673874122
SOMERSET,5374,6279,21,78,17,2565,151,14485,37.10044874007594,43.34829133586469,17.70797376596479,6779,3871,9,0,3,0,1170,97,11929,56.82789839885992,32.450331125827816,9.808030849191047,6966,3985,9,2,8,0,1273,99,12342,7413,4061,16,0,18,13,1445,104,13070,56.7176740627391,31.071155317521043,11.05585309869931,7234,4331,21,3,26,1538,120,13273,54.50161982972953,32.63015143524448,11.587433134935583,7265,4600,2,19,30,1702,123,13741,52.870970089513136,33.476457317516925,12.38628920748126,6450,4779,15,33,1727,101,13105,49.217855780236555,36.46699732926364,13.17817626859977,6113,5120,16,42,1730,79,13100,46.664122137404576,39.083969465648856,13.206106870229007,5911,5353,20,64,1846,72,13266,44.557515453037844,40.35127393336349,13.915272124227348,5734,5756,18,48,8,4,2080,94,13742,41.726095182651726,41.88618832775433,15.136079173337214,5622,6058,24,63,16,2327,112,14222,39.53030516101814,42.59597806215722,16.36197440585009,2.6844674131495836,2.8607277289836888,8.803418803418804,6.416881998277348,1.9071518193224593,13.511390416339356,-2.4146769189262107,6.648608717064762,6.43598615916955,0.42853193254077965,6.211036712075733,10.663198959687907,-11.218169304886441,3.891304347826087,1.4688601645123385,-5.224806201550387,7.135383971542164,0.17371163867979156,-3.304433175200393,4.55078125,6.705202312138728,-2.994417188293013,7.528488697926397,12.676056338028168,-1.9532612486920127,5.246699096594858,11.875,-4.411241551049449,3.648068669527897,10.227761065749892,-20.725770762649358,62.20614828209765,119.23076923076923
TALBOT,10633,11728,40,179,24,6069,241,28914,36.77457287127343,40.561665629107004,20.989831915335134,9941,11093,51,3,57,0,3182,303,24630,40.36134794965489,45.03857084855867,12.919204222492894,10201,11352,59,6,67,2,3513,314,25514,10118,10801,54,0,40,68,3301,307,24689,40.98181376321438,43.74822795576978,13.370326866215724,10166,11075,51,7,79,3615,315,25308,40.169116484905956,43.76086612928718,14.28402086296823,9904,10981,0,48,91,4016,267,25307,39.13541707827874,43.39115659698898,15.869127118978938,9706,11237,48,119,4534,221,25865,37.52561376377344,43.44480958824666,17.529479992267543,10080,11729,43,141,4809,193,26995,37.34024819411002,43.44878681237267,17.81441007593999,10374,11664,47,165,4911,209,27370,37.90281329923273,42.616002922908294,17.943003288271832,10844,11846,30,118,12,4,5249,256,28359,38.23830177368737,41.771571635107016,18.509115272047673,10892,11784,43,142,21,5716,222,28820,37.793199167244964,40.8882720333102,19.833448993754338,2.5487697284579944,2.2815362931642,10.402262727844123,-0.8136457210077443,-4.853770260747005,-6.034728152576146,0.47440205574224154,2.536802147949264,9.512269009391092,-2.577218178241196,-0.8487584650112867,11.092669432918395,-1.9991922455573505,2.331299517348147,12.898406374501992,3.8532866268287655,4.3783928094687194,6.065284516982797,2.9166666666666665,-0.5541819421945605,2.1210230817217717,4.53055716213611,1.5603566529492456,6.8825086540419464,0.4426410918480265,-0.5233834205639034,8.896932749095065,-2.377892030848329,-0.47522063815342835,6.1756473058082575,6.96107031485766,5.724330658974128,90.72910119421748
WASHINGTON,30869,45118,163,667,127,24310,1000,102254,30.18855008117042,44.123457273065114,23.774131085336514,30139,35569,178,6,39,0,10445,933,77309,38.98511169462805,46.0088734817421,13.510716734144795,30501,36566,204,14,120,3,11381,928,79717,32884,37672,228,0,190,215,12990,999,85178,38.60621287186832,44.22738265749372,15.250416774284439,31340,37030,219,20,234,14350,89,83282,37.63118080737735,44.46338944789991,17.23061405825989,31750,38547,7,236,324,16124,308,87296,36.370509530791786,44.156662390029325,18.47049120234604,32046,39390,241,434,18200,331,90642,35.35447143708215,43.45667571324551,20.0789920787273,32465,42478,246,631,18686,410,94916,34.20392768342534,44.753255510135276,19.686881031649037,32453,42938,248,726,19510,590,96465,33.64225366713316,44.511480847975946,20.224952055149537,33094,44641,131,516,46,25,20865,876,100194,33.02992195141425,44.55456414555762,20.824600275465595,31712,44402,174,631,126,22426,870,100341,31.604229577141947,44.25110373625935,22.34978722556084,1.1868463329071177,2.7265766012142425,8.961225466730493,7.81285859480017,3.0246677241152984,14.137597750637026,-4.695292543486194,-1.7041834784455299,10.469591993841416,1.3082322910019146,4.09667836889009,12.362369337979095,0.9322834645669291,2.186940617946922,12.875217067725131,1.3074954752543217,7.83955318608784,2.67032967032967,-0.03696288310488218,1.0829135081689345,4.409718505833244,1.9751640834437496,3.966183799897527,6.945156330087135,-4.17598356197498,-0.5353822719025112,7.4814282290917795,-2.6582996972754795,1.6125399756767713,8.400963167751717,2.4221108862271477,26.84641120076471,132.7429392053614
WICOMICO,26175,24553,135,389,68,15284,815,67419,38.82436701819962,36.418517035257125,22.670167163559235,23276,18530,82,7,49,0,6418,543,48905,47.59431550966159,37.88978632041714,13.123402515080256,23096,18874,84,9,81,0,6940,579,49663,24928,19389,102,0,84,116,7663,603,52885,47.13623900917084,36.662569726765625,14.489930982320129,25379,19789,113,9,151,8179,669,54289,46.74795999189523,36.45121479489399,15.065667078045275,25506,20667,5,117,192,9319,677,56483,45.156949878724575,36.589770373386685,16.49876954127791,25500,20748,120,273,10121,532,57294,44.507278249031316,36.21321604356477,17.665026006213566,26389,22582,146,366,10616,443,60542,43.58792243401275,37.299725810181364,17.53493442568795,26798,23100,142,419,11352,434,62245,43.052454012370475,37.111414571451526,18.237609446541892,27416,23892,94,316,45,13,12530,648,64954,42.20833205037411,36.78295409058718,19.290574868368385,26982,24132,110,355,109,13715,675,66078,40.83356033778262,36.52047580132571,20.75577347982687,-0.7793557325943886,1.8226131185758185,8.133374883141165,7.932109456182888,2.72862138391438,10.4178674351585,1.8092105263157896,2.063025426788385,6.733655226412632,0.5004137278852594,4.436808327858912,13.938134246240372,-0.023523876734885908,0.391929162432864,8.606073613048611,3.4862745098039216,8.83940620782726,4.890821065112143,1.5498882109970062,2.2938623682579045,6.932931424265259,2.3061422494215984,3.428571428571429,10.377026074700494,-1.5830172162241025,1.0045203415369162,9.45730247406225,-2.9908828107627308,1.7445715232885795,11.44002916514765,12.454889156212408,32.504047490555855,138.1427235899034
WORCESTER,13714,19977,64,248,42,9270,512,43827,31.291213179090516,45.581490861797526,21.151345061263605,15174,12511,58,4,64,0,4360,451,32622,46.51462203421004,38.351419287597324,13.365213659493595,15463,13185,67,6,59,2,4698,439,33919,15524,13211,63,0,32,89,4945,487,34351,45.19227970073651,38.45885127070537,14.395505225466506,15713,13900,68,5,105,5275,441,35507,44.25324583884868,39.147210409215084,14.856225532993495,15016,14433,1,71,126,6079,383,36109,41.585200365559835,39.97064443767482,16.835138054224707,14490,14526,76,167,6381,360,36000,40.25,40.35,17.724999999999998,14489,16404,82,224,6854,312,38365,37.766193144793434,42.75772188192363,17.865241756809592,14184,17282,84,250,7047,320,39167,36.21415987949039,44.12387979676768,17.99218730053361,14213,18477,52,180,12,8,7691,444,41077,34.60087153394844,44.98137643936996,18.72337317720379,13954,19311,57,217,37,8520,461,42557,32.78896538759781,45.37678877740442,20.020208191366873,1.8689775593351874,5.111869548729617,7.752293577981652,0.3944900730776693,0.19719378081152825,5.257556406981694,1.2174697242978614,5.215350843993641,6.673407482305358,-4.435817475975307,3.8345323741007196,15.241706161137442,-3.5029302077783693,0.6443566826023696,4.9679223556506,-0.006901311249137337,12.928541924824453,7.41263124902053,-2.1050452067085375,5.352353084613509,2.815873942223519,0.20445572476029328,6.914708945723874,9.138640556265077,-1.8222753816928166,4.5137197597012495,10.778832401508257,-1.7199369356456928,3.4488115581792758,8.80281690140845,-9.621721365493608,59.67548557269603,112.61467889908256
TOTAL,2235323,1019695,7380,19594,5008,932287,48123,4267410,52.381257015379354,23.894938616162964,21.846670462880294,1699051,900951,7481,296,2626,10,427979,36495,3074889,55.255685652392664,29.300277180737254,13.918518684739514,1733126,909275,8069,539,4390,118,436189,51106,3142812,1946823,927798,8384,106,10235,7058,485654,46587,3432645,56.71495304641173,27.028661571470398,14.148098623656102,1957989,925722,8403,608,8996,528600,39132,3469450,56.43514101658764,26.682096585914195,15.235844298087592,2062312,960453,133,8729,11289,615247,41112,3699275,55.749085969548084,25.963276587980076,16.631556183306188,2047381,956951,8541,14771,666095,34515,3728254,54.91527669520371,25.667537673130642,17.866137875799236,2170800,1026633,9009,19343,688286,32641,3946712,55.002746590072945,26.012361682332024,17.439478735717227,2197363,1020611,9276,22190,723527,33151,4006118,54.85018164717065,25.47630898540682,18.06055138665411,2284607,1026114,5973,15121,1984,1051,781228,40688,4156766,54.961164520687475,24.685392442105233,18.794129859607203,2256421,1000822,6642,17712,4457,846004,41603,4173661,54.063351096315685,23.97947509392833,20.270069849947085,1.96610056049012,0.9154546204393611,1.9183184221655734,12.330147952312757,2.0371174837095487,11.340267636276934,0.5735498296455301,-0.22375560197370548,8.842921091970828,5.328068748087961,3.7517742907697995,16.39178963299281,-0.7239932658104109,-0.3646196117873545,8.264648181949688,6.028140341245718,7.281668549382362,3.3315067670527476,1.2236502671826055,-0.5865776767355033,5.120109954292256,3.970395423969549,0.5391868204438321,7.974961542554736,-1.2337351675802446,-2.4648333421042885,8.291561490371569,-0.9350205480271634,1.8857499135710447,10.198887948520339,31.56303136280194,13.179851068482082,117.83475357435762
